{
	"info": {
		"_postman_id": "9618d802-3d4e-4721-a564-a544e95019fa",
		"name": "Spotify",
		"schema": "https://schema.getpostman.com/json/collection/v2.1.0/collection.json",
		"_exporter_id": "26355095"
	},
	"item": [
		{
			"name": "Spotify Authentication",
			"item": [
				{
					"name": "Oauth2",
					"request": {
						"auth": {
							"type": "oauth2",
							"oauth2": [
								{
									"key": "scope",
									"value": "playlist-modify-public playlist-read-private playlist-modify-private",
									"type": "string"
								},
								{
									"key": "clientId",
									"value": "{{Client ID}}",
									"type": "string"
								},
								{
									"key": "clientSecret",
									"value": "{{Client Secret}}",
									"type": "string"
								},
								{
									"key": "accessTokenUrl",
									"value": "https://accounts.spotify.com/api/token",
									"type": "string"
								},
								{
									"key": "authUrl",
									"value": "https://accounts.spotify.com/authorize",
									"type": "string"
								},
								{
									"key": "useBrowser",
									"value": true,
									"type": "boolean"
								},
								{
									"key": "redirect_uri",
									"value": "https://oauth.pstmn.io/v1/browser-callback",
									"type": "string"
								},
								{
									"key": "addTokenTo",
									"value": "header",
									"type": "string"
								}
							]
						},
						"method": "POST",
						"header": [],
						"body": {
							"mode": "raw",
							"raw": "",
							"options": {
								"raw": {
									"language": "text"
								}
							}
						},
						"url": {
							"raw": ""
						}
					},
					"response": []
				}
			]
		},
		{
			"name": "Create playlist",
			"item": [
				{
					"name": "Create PayList",
					"request": {
						"auth": {
							"type": "oauth2",
							"oauth2": [
								{
									"key": "scope",
									"value": "playlist-modify-public playlist-read-private playlist-modify-private",
									"type": "string"
								},
								{
									"key": "clientId",
									"value": "{{Client ID}}",
									"type": "string"
								},
								{
									"key": "clientSecret",
									"value": "{{Client Secret}}",
									"type": "string"
								},
								{
									"key": "accessTokenUrl",
									"value": "https://accounts.spotify.com/api/token",
									"type": "string"
								},
								{
									"key": "authUrl",
									"value": "https://accounts.spotify.com/authorize",
									"type": "string"
								},
								{
									"key": "useBrowser",
									"value": true,
									"type": "boolean"
								},
								{
									"key": "redirect_uri",
									"value": "https://oauth.pstmn.io/v1/browser-callback",
									"type": "string"
								},
								{
									"key": "addTokenTo",
									"value": "header",
									"type": "string"
								}
							]
						},
						"method": "POST",
						"header": [],
						"body": {
							"mode": "raw",
							"raw": "{\r\n  \"name\": \"My favourites songs\",\r\n  \"description\": \"My favourites should be here to access\",\r\n  \"public\": false\r\n}",
							"options": {
								"raw": {
									"language": "json"
								}
							}
						},
						"url": {
							"raw": "https://api.spotify.com/v1/users/{{User ID}}/playlists",
							"protocol": "https",
							"host": [
								"api",
								"spotify",
								"com"
							],
							"path": [
								"v1",
								"users",
								"{{User ID}}",
								"playlists"
							]
						}
					},
					"response": []
				}
			]
		},
		{
			"name": "Add Playlist",
			"item": [
				{
					"name": "Adding playlist",
					"request": {
						"auth": {
							"type": "oauth2",
							"oauth2": [
								{
									"key": "scope",
									"value": "playlist-modify-public playlist-read-private playlist-modify-private",
									"type": "string"
								},
								{
									"key": "clientId",
									"value": "{{Client ID}}",
									"type": "string"
								},
								{
									"key": "clientSecret",
									"value": "{{Client Secret}}",
									"type": "string"
								},
								{
									"key": "accessTokenUrl",
									"value": "https://accounts.spotify.com/api/token",
									"type": "string"
								},
								{
									"key": "authUrl",
									"value": "https://accounts.spotify.com/authorize",
									"type": "string"
								},
								{
									"key": "useBrowser",
									"value": true,
									"type": "boolean"
								},
								{
									"key": "redirect_uri",
									"value": "https://oauth.pstmn.io/v1/browser-callback",
									"type": "string"
								},
								{
									"key": "addTokenTo",
									"value": "header",
									"type": "string"
								}
							]
						},
						"method": "POST",
						"header": [],
						"url": {
							"raw": "https://api.spotify.com/v1/playlists/:paylistID/tracks?uris=spotify:track:4iV5W9uYEdYUVa79Axb7Rh,spotify:track:1301WleyT98MSxVHPZCA6M",
							"protocol": "https",
							"host": [
								"api",
								"spotify",
								"com"
							],
							"path": [
								"v1",
								"playlists",
								":paylistID",
								"tracks"
							],
							"query": [
								{
									"key": "uris",
									"value": "spotify:track:4iV5W9uYEdYUVa79Axb7Rh,spotify:track:1301WleyT98MSxVHPZCA6M"
								}
							],
							"variable": [
								{
									"key": "paylistID",
									"value": "6n8hccJOdvVEuCKOzJasXy"
								}
							]
						}
					},
					"response": []
				}
			]
		}
	]
}